<?xml version="1.0" encoding="UTF-8"?>
<project-private xmlns="http://www.netbeans.org/ns/project-private/1">
    <editor-bookmarks xmlns="http://www.netbeans.org/ns/editor-bookmarks/2" lastBookmarkId="1">
        <file>
            <url>src/hw10_131044022_ilaydazeynep_ozdemir/Expression.java</url>
            <bookmark id="1">
                <name/>
                <line>129</line>
                <key/>
            </bookmark>
        </file>
    </editor-bookmarks>
    <open-files xmlns="http://www.netbeans.org/ns/projectui-open-files/2">
        <group>
            <file>file:/home/ilayda/NetBeansProjects/HW10_131044022_IlaydaZeynep_Ozdemir/src/hw10_131044022_ilaydazeynep_ozdemir/InterfaceOfExpression.java</file>
            <file>file:/home/ilayda/NetBeansProjects/HW10_131044022_IlaydaZeynep_Ozdemir/src/hw10_131044022_ilaydazeynep_ozdemir/Operator.java</file>
            <file>file:/home/ilayda/NetBeansProjects/HW10_131044022_IlaydaZeynep_Ozdemir/src/hw10_131044022_ilaydazeynep_ozdemir/Plus.java</file>
            <file>file:/home/ilayda/NetBeansProjects/HW10_131044022_IlaydaZeynep_Ozdemir/src/hw10_131044022_ilaydazeynep_ozdemir/Minus.java</file>
            <file>file:/home/ilayda/NetBeansProjects/HW10_131044022_IlaydaZeynep_Ozdemir/src/hw10_131044022_ilaydazeynep_ozdemir/Paranthesis.java</file>
            <file>file:/home/ilayda/NetBeansProjects/HW10_131044022_IlaydaZeynep_Ozdemir/src/hw10_131044022_ilaydazeynep_ozdemir/Assignment.java</file>
            <file>file:/home/ilayda/NetBeansProjects/HW10_131044022_IlaydaZeynep_Ozdemir/src/hw10_131044022_ilaydazeynep_ozdemir/MyException.java</file>
            <file>file:/home/ilayda/NetBeansProjects/HW10_131044022_IlaydaZeynep_Ozdemir/src/hw10_131044022_ilaydazeynep_ozdemir/Expression.java</file>
            <file>file:/home/ilayda/NetBeansProjects/HW10_131044022_IlaydaZeynep_Ozdemir/src/hw10_131044022_ilaydazeynep_ozdemir/Multiplication.java</file>
            <file>file:/home/ilayda/NetBeansProjects/HW10_131044022_IlaydaZeynep_Ozdemir/src/hw10_131044022_ilaydazeynep_ozdemir/HW10_131044022_IlaydaZeynep_Ozdemir.java</file>
            <file>file:/home/ilayda/NetBeansProjects/HW10_131044022_IlaydaZeynep_Ozdemir/src/hw10_131044022_ilaydazeynep_ozdemir/Divide.java</file>
            <file>file:/home/ilayda/NetBeansProjects/HW10_131044022_IlaydaZeynep_Ozdemir/src/hw10_131044022_ilaydazeynep_ozdemir/Operand.java</file>
        </group>
    </open-files>
</project-private>
