<?xml version="1.0" encoding="UTF-8"?>
<project-private xmlns="http://www.netbeans.org/ns/project-private/1">
    <data xmlns="http://www.netbeans.org/ns/make-project-private/1">
        <activeConfTypeElem>1</activeConfTypeElem>
        <activeConfIndexElem>0</activeConfIndexElem>
    </data>
    <editor-bookmarks xmlns="http://www.netbeans.org/ns/editor-bookmarks/2" lastBookmarkId="0"/>
    <open-files xmlns="http://www.netbeans.org/ns/projectui-open-files/2">
        <group>
            <file>file:/home/ilayda/NetBeansProjects/HW07/main.cpp</file>
            <file>file:/home/ilayda/NetBeansProjects/HW07/Rational.cpp</file>
            <file>file:/home/ilayda/NetBeansProjects/HW07/Integer.h</file>
            <file>file:/home/ilayda/NetBeansProjects/HW07/Complex.cpp</file>
            <file>file:/home/ilayda/NetBeansProjects/HW07/Imaginary.h</file>
            <file>file:/home/ilayda/NetBeansProjects/HW07/Integer.cpp</file>
            <file>file:/home/ilayda/NetBeansProjects/HW07/Numbers.h</file>
            <file>file:/home/ilayda/NetBeansProjects/HW07/Irrational.h</file>
            <file>file:/home/ilayda/NetBeansProjects/HW07/Real.cpp</file>
            <file>file:/home/ilayda/NetBeansProjects/HW07/Irrational.cpp</file>
            <file>file:/home/ilayda/NetBeansProjects/HW07/Natural.cpp</file>
            <file>file:/home/ilayda/NetBeansProjects/HW07/Rational.h</file>
            <file>file:/home/ilayda/NetBeansProjects/HW07/Real.h</file>
            <file>file:/home/ilayda/NetBeansProjects/HW07/Imaginary.cpp</file>
            <file>file:/home/ilayda/NetBeansProjects/HW07/Numbers.cpp</file>
            <file>file:/home/ilayda/NetBeansProjects/HW07/Complex.h</file>
            <file>file:/home/ilayda/NetBeansProjects/HW07/Natural.h</file>
        </group>
    </open-files>
</project-private>
