<?xml version="1.0" encoding="UTF-8"?>
<project-private xmlns="http://www.netbeans.org/ns/project-private/1">
    <data xmlns="http://www.netbeans.org/ns/make-project-private/1">
        <activeConfTypeElem>1</activeConfTypeElem>
        <activeConfIndexElem>0</activeConfIndexElem>
    </data>
    <editor-bookmarks xmlns="http://www.netbeans.org/ns/editor-bookmarks/2" lastBookmarkId="0"/>
    <open-files xmlns="http://www.netbeans.org/ns/projectui-open-files/2">
        <group>
            <file>file:/home/ilayda/NetBeansProjects/HW08/Executable.cpp</file>
            <file>file:/home/ilayda/NetBeansProjects/HW08/Directory.h</file>
            <file>file:/home/ilayda/NetBeansProjects/HW08/TextFile.h</file>
            <file>file:/home/ilayda/NetBeansProjects/HW08/Directory.cpp</file>
            <file>file:/home/ilayda/NetBeansProjects/HW08/main.cpp</file>
            <file>file:/home/ilayda/NetBeansProjects/HW08/File.h</file>
            <file>file:/home/ilayda/NetBeansProjects/HW08/Executable.h</file>
            <file>file:/home/ilayda/NetBeansProjects/HW08/TextFile.cpp</file>
            <file>file:/home/ilayda/NetBeansProjects/HW08/File.cpp</file>
        </group>
    </open-files>
</project-private>
