<?xml version="1.0" encoding="UTF-8"?>
<project-private xmlns="http://www.netbeans.org/ns/project-private/1">
    <editor-bookmarks xmlns="http://www.netbeans.org/ns/editor-bookmarks/2" lastBookmarkId="0"/>
    <open-files xmlns="http://www.netbeans.org/ns/projectui-open-files/2">
        <group>
            <file>file:/home/ilayda/NetBeansProjects/HW09_131044022_IlaydaZeynep_Ozdemir/src/hw09_131044022_ilaydazeynep_ozdemir/HW09_131044022_IlaydaZeynep_Ozdemir.java</file>
            <file>file:/home/ilayda/NetBeansProjects/HW09_131044022_IlaydaZeynep_Ozdemir/src/hw09_131044022_ilaydazeynep_ozdemir/Polynomial.java</file>
        </group>
    </open-files>
</project-private>
